"Portfolio project / source","Confirmed evidence","Coverage decision","Case study / reason","Primary QA or operations focus"
"RAVERSUS Clinical Portal","NextGenWebs catalogue + public source commit 5ada047","Included","Member Upload & Onboarding Review","Upload guidance, journey continuity, support"
"Parts & Inventory Management System","Public repository commit 34826ee","Included","Parts Inventory Data-Quality Review","Completeness, uniqueness, stock reconciliation"
"Exchange Line / Premitel workflow","Public repository commit fa23415","Included","Enquiry Qualification & Handover Review","Qualification, consent boundary, handoff"
"Digital Guest Welcome Guide","NextGenWebs catalogue + source commit b3868a8","Included","Digital Download Release-Readiness Review","Packaging, placeholders, instructions"
"Cleaning Business Instant Quote Calculator","Accessible public source commit 4d48e35 and NextGenWebs feature work","Included","Quote Calculator Rules & Edge-Case Review","Pricing rules, boundaries, disclosures"
"Trading Affiliate Website Template / Apex desk","NextGenWebs catalogue + source commit e2f7e46","Included","Trading Dashboard Data & Disclosure Review","Calculations, timestamps, demo disclosures"
"Qualified Lead Research and Prospecting Blueprint","NextGenWebs catalogue and sample downloads","Included","Lead Research Provenance & Duplicate-Control Review","Criteria, duplicates, evidence provenance"
"Aura Signs","NextGenWebs catalogue + source commit 823e5a9","Included","Retail Signage Asset & Publishing Review","Asset specs, proof approval, publishing"
"PromoPilot Retail Promotion Kit","NextGenWebs catalogue","Covered by related case","Signage/publishing controls are reusable; separate case would repeat the same release gate","Retail content specs and publishing"
"Trade Business Quote & Estimate Calculator","NextGenWebs catalogue","Covered by related case","Cleaning calculator provides the distinct calculation-control pattern","Pricing rules and enquiry handoff"
"Precision Laser Website Template","NextGenWebs catalogue","Covered by related case","Quote calculator and file-readiness checks use the same functional QA pattern","Inputs, units, estimate handoff"
"Hydro Clean CT template","NextGenWebs catalogue","Covered by related case","Enquiry and quote workflow patterns already represented","Form and handoff QA"
"Tiling / Construction / Painting / Plumbing / Pest / Solar templates","NextGenWebs catalogue","Grouped exclusion","Separate cases would manufacture repetition across similar lead-generation forms","Use shared website QA checklist"
"Beauty templates: Vitality, Amore, Pixel Perfect, Zen Skin","NextGenWebs catalogue","Grouped exclusion","Booking/enquiry pattern overlaps existing workflow case","Use shared website QA checklist"
"Booking Landing Page Kit","NextGenWebs catalogue","Covered by related case","Release and enquiry handoff controls already represented","Booking link and release readiness"
"Etsy Seller SEO Toolkit","NextGenWebs catalogue","Covered by related case","Digital-product release gate applies","Packaging, instructions, link checks"
"Creator Hub Pro Template","NextGenWebs catalogue","Excluded from initial collection","No unique QA objective beyond responsive/release checks","Candidate for later accessibility pass"
"Fluent Path Tutoring","NextGenWebs catalogue","Excluded from initial collection","No unique operational dataset or flow selected","Candidate for later booking/content QA"
"InsightForge Business Analytics Studio","NextGenWebs catalogue","Excluded to avoid overlap","Dashboard reporting pattern represented by trading case","Candidate for separate analytics reconciliation"
"Bank Desert Analysis Student Lab","NextGenWebs catalogue","Excluded to avoid overlap","Data/reporting pattern represented without duplicating an analytics case","Candidate for reproducibility review"
"SupportForge AI Assistant","NextGenWebs catalogue","Excluded from initial collection","Requires a distinct conversation-quality rubric beyond current scope","Candidate for support-answer QA"
"Road to 1500","No confirmed catalogue entry or accessible repository found","Excluded","Existence could not be confirmed; no case manufactured","Reassess when source/version is provided"
"Content-planning tools","Articles found; no distinct confirmed project entry selected","Excluded","Insufficient distinct product/version evidence","Reassess when project repository is identified"
